{
    "VERSION": {
        "codeName" : "Screaming Autumn",
        "prodName" : "Dell Sherpa",
        "releaseName" : "Dell-308 2.3.2 Boostrap Theme",
        "minor" : ".01",
        "major" : "0.8",
        "releaseDate" : "10.18.2013"
    },
    "default_values": {
        "default_alerts_data": {
            "type": "attention",
            "icon": "icon-small-alertnotice",
            "title": "Lorem ipsum!",
            "message": "Consectetur adipiscing elit. Etiam imperdiet scelerisque condimentum. Duis condimentum lorem at tellus aliquet a tempus lectus varius.",
            "dismiss": true
        },
        "alert_icons": {
            "success": "icon-small-checkmark",
            "information": "icon-small-alertinfo",
            "error": "icon-small-alerterror",
            "default": "icon-small-alertnotice"
        },
        "default_dropdown_data": {
            "label": "Lorem ispum",
            "button_class": "tertiary",
            "items": [
                {
                    "id": "action_1",
                    "label": "Lorem ispum",
                    "url": "#action"
                },
                {
                    "id": "action_2",
                    "label": "Dolor sit amet",
                    "url": "#action"
                },
                {
                    "id": "action_3",
                    "label": "Adipiscing elit",
                    "url": "#action"
                }
            ]
        },
        "project_info_filename": "assets/config/project_info.csv",
        "default_tabs_data": {
            "tab_class": "tabbable",
            "nav_class": "nav nav-tabs",
            "inverted": false,
            "id": "sample_tab",
            "items": [
                {
                    "id": "section_1",
                    "label": "Section 1",
                    "label_textkey": "title_sample_tab_section_1",
                    "source": "includes/sample/loremispum.html",
                    "url": "#section_1"
                },
                {
                    "id": "section_2",
                    "label": "Section 2",
                    "label_textkey": "title_sample_tab_section_2",
                    "source": "includes/sample/loremispum.html",
                    "url": "#section_2"
                },
                {
                    "id": "section_3",
                    "label": "Section 3",
                    "label_textkey": "title_sample_tab_section_3",
                    "source": "includes/sample/loremispum.html",
                    "url": "#section_3"
                }
            ]
        },
        "lorem_ispum": [
            "Lorem ipsum dolor sit amet, consectetur adipiscing elit. Phasellus ultricies, felis sed sollicitudin eleifend, arcu magna vulputate felis, et volutpat leo augue a arcu. Etiam lacus augue, ultricies a rutrum at, luctus sed enim. Nulla eu ante elit. In nunc tellus, auctor in hendrerit sit amet, pulvinar ac sapien. Vivamus hendrerit malesuada eleifend. Vestibulum eu urna nunc. Maecenas mauris nibh, venenatis sed vestibulum in, porttitor vitae odio. Sed risus orci, posuere a aliquam quis, congue eu neque. Vestibulum rhoncus venenatis odio sit amet facilisis. Nam magna odio, accumsan nec blandit ut, ultrices nec sem. Pellentesque ante purus, semper a fermentum a, tristique sed justo. Phasellus nec enim quis urna dapibus condimentum. Nulla pulvinar viverra enim vel dignissim. Suspendisse molestie condimentum est, et suscipit urna commodo sit amet. Sed venenatis est et eros volutpat luctus adipiscing mi varius. In non pretium leo.",
            "Praesent dapibus, nisl vel pellentesque pretium, felis justo auctor sem, et lobortis leo lacus quis lectus. Proin molestie nulla vel enim tempus eu iaculis lectus tempus. Etiam magna nunc, cursus in dictum non, hendrerit congue dolor. Etiam elit purus, interdum sit amet adipiscing quis, congue et felis. Suspendisse orci ligula, egestas a porttitor nec, placerat vel dolor. Donec dignissim nibh augue, a fringilla neque. Vivamus sollicitudin, ligula in condimentum blandit, mi nulla porta elit, eu tempor nisl nisi nec metus. Sed aliquet felis nec risus ullamcorper quis tempor augue accumsan. Morbi ac nisl sapien. Class aptent taciti sociosqu ad litora torquent per conubia nostra, per inceptos himenaeos. Donec at urna quam. Morbi sed sodales orci. Mauris tempus sagittis metus sit amet consequat.",
            "Integer vulputate, arcu vitae ornare pretium, libero erat tincidunt urna, quis lobortis nibh purus eget felis. Curabitur eleifend ante ut lacus lobortis eu faucibus libero varius. Class aptent taciti sociosqu ad litora torquent per conubia nostra, per inceptos himenaeos. Aliquam sagittis imperdiet pretium. Maecenas ultrices vulputate orci, id facilisis ligula pretium quis. Vivamus id sodales lectus. Phasellus id ullamcorper nisi. Nunc venenatis bibendum ornare. Cum sociis natoque penatibus et magnis dis parturient montes, nascetur ridiculus mus. Donec id ipsum et odio pulvinar bibendum. Aliquam erat volutpat. Pellentesque habitant morbi tristique senectus et netus et malesuada fames ac turpis egestas.",
            "Aliquam quam turpis, pellentesque id mattis quis, sagittis id arcu. Nam lacinia consequat sem eu facilisis. Vestibulum at nisi mauris. Maecenas orci eros, gravida sit amet consequat vitae, euismod a lorem. Sed vel metus ligula, sed rhoncus arcu. Donec quis nibh justo. Quisque sodales turpis sed neque consequat mollis. Fusce eget dui id ante consectetur commodo id id leo. Nulla eleifend odio at dui tincidunt tincidunt. Donec viverra, eros eu eleifend sodales, leo elit hendrerit lacus, a tristique risus augue nec est. Integer tempus massa sed odio blandit vitae venenatis libero malesuada. Vestibulum vehicula pellentesque ultricies. Aliquam dolor magna, pharetra posuere pharetra eu, pulvinar iaculis lacus. Vivamus consectetur sagittis est, aliquam pellentesque augue ullamcorper sed. Cras vestibulum tellus sed nunc convallis accumsan. Cras ac nisl ut odio posuere euismod.",
            "Ut viverra, neque sit amet aliquet varius, massa enim adipiscing magna, et faucibus lacus nulla quis urna. Aenean semper lectus at nulla vulputate rutrum. Aliquam nulla nulla, ornare quis commodo eu, convallis eget dui. Donec viverra varius magna et posuere. Praesent tristique pretium erat et tincidunt. Aliquam velit ipsum, accumsan vitae interdum in, aliquam sit amet orci. Sed non tellus diam, sed consectetur diam. Donec tempor malesuada leo, nec convallis justo mattis vitae. Vivamus bibendum sem at neque malesuada et scelerisque turpis suscipit. Nulla scelerisque pharetra consequat. Etiam erat nibh, porta non volutpat at, consectetur at nulla.",
            "Curabitur nec turpis lacus, ut dictum urna. Sed adipiscing eleifend justo et elementum. Pellentesque facilisis lectus scelerisque lorem tristique congue. Quisque malesuada sem in ipsum iaculis quis convallis magna scelerisque. Fusce ac est non felis iaculis pellentesque. Quisque consequat sapien ac dui aliquet sed porta neque vestibulum. Fusce in nisl eget libero molestie suscipit et at nibh. Quisque tincidunt, magna sit amet pulvinar tincidunt, mauris tortor blandit dui, vitae consequat diam urna quis lacus. Nam quis molestie nisi. Morbi urna lorem, venenatis eget cursus non, placerat fringilla dui. Donec elit leo, venenatis in dignissim a, porttitor non neque. Etiam sit amet nisl felis. In dolor turpis, dapibus non mattis eget, consequat porta diam.",
            "Cras urna erat, sodales eu malesuada ut, lacinia et massa. Sed non mauris non lacus tincidunt aliquet nec consectetur nunc. Vivamus placerat orci vel purus molestie in pharetra turpis dignissim. Nunc et erat eros, a tincidunt ligula. Vivamus at mi a elit cursus adipiscing vitae at purus. Etiam dapibus vestibulum consequat. In hendrerit semper velit at venenatis. Quisque vel ante non nulla iaculis tristique. Praesent mollis enim sit amet risus pulvinar mollis. Nulla mollis quam ut eros eleifend laoreet. Nulla vulputate augue velit. Cras vestibulum condimentum ante, eget aliquet quam tristique et. Sed facilisis ipsum sit amet felis venenatis rhoncus. Suspendisse nibh felis, tincidunt vel congue sit amet, fermentum dignissim ipsum. Aliquam at pharetra leo.",
            "Nunc eu posuere mi. Aenean in ipsum quam. In nec sapien vel elit cursus varius et ut turpis. Class aptent taciti sociosqu ad litora torquent per conubia nostra, per inceptos himenaeos. Sed iaculis venenatis commodo. Praesent porttitor tortor in nisi fringilla sodales. Nunc quis dignissim risus. Nam dolor lorem, molestie a tristique nec, pellentesque in diam. Mauris tempor malesuada felis. Suspendisse vehicula convallis nulla nec consequat. Phasellus interdum lacinia nunc eget malesuada. Nam viverra, erat at semper dapibus, ligula magna scelerisque tellus, eget scelerisque augue arcu volutpat magna. Etiam consectetur viverra magna, vitae accumsan urna tempus pharetra. Duis leo dui, ultrices in elementum eget, accumsan volutpat massa. Sed tempor nisi ut massa gravida pulvinar.",
            "Nam posuere aliquam nunc, in interdum mauris pulvinar vel. Donec pharetra, enim et facilisis laoreet, augue sapien euismod sapien, iaculis consequat mi massa quis nulla. Cras sit amet eros magna. Vestibulum non faucibus sapien. Ut sit amet augue felis, nec tempor eros. Suspendisse orci arcu, tristique ac hendrerit vel, scelerisque eu purus. Integer auctor molestie dolor ac viverra. Sed vulputate, enim et luctus lacinia, elit odio aliquam ante, ac congue lacus felis mattis velit. Integer dolor urna, pellentesque dignissim auctor id, volutpat vitae lorem. Vestibulum in ligula id turpis mollis rutrum quis sit amet nunc. Aliquam felis sapien, semper et vulputate fermentum, egestas nec leo. Ut et metus vel dolor euismod placerat. Vestibulum ut ultricies purus. Aliquam eget dolor risus.",
            "Cras vulputate elit mollis urna viverra id adipiscing risus volutpat. Nullam tortor eros, blandit id blandit eget, tempus vel ligula. Duis luctus sodales justo pharetra tincidunt. Phasellus eu tincidunt odio. Curabitur facilisis aliquam orci, vitae tristique risus placerat tincidunt. Nullam semper, enim ut placerat pretium, nulla enim sodales erat, sed porta elit ipsum a dolor. Mauris sed lacus tellus. Vestibulum dolor ligula, pellentesque id molestie ut, consequat vitae neque. Sed ligula urna, dictum a vulputate non, suscipit interdum neque. Etiam sem enim, imperdiet eget lobortis quis, sagittis eget nunc. Aliquam aliquet adipiscing semper. Duis posuere turpis sed ligula tincidunt aliquam. Fusce at eros quis dolor sollicitudin pellentesque. Sed nec urna mi, non vulputate libero."
        ],
        "lorem_ispum_default": 200
    },
    "CSS_THEME_DEFAULT": "dell-308-theme-v0.7",
    "CSS_THEME_DEFAULT_REMOTE_URL": "",
    "CSS_THEME_RESET_ONLOAD": true,
    "DEFAULT_LOCALE": "en",
    "RUN_AS_LOCAL": true,
    "RUN_SHERPA_LOCAL": true,
    "PROTO_JS": "app.js",
    "PROTO_CSS": "doc.css",
    "PATH_PROTO_ASSETS": "assets/",
    "PATH_PROTO_JS": "js/",
    "PATH_PROTO_DOCUMENTATION": "documentation/",
    "PATH_PROTO_CSS": "css/",
    "PATH_CORE": "_sherpa/",
    "PATH_CORE_JS": "lib/",
    "PATH_CORE_COMPONENTS": "components/",
    "PATH_CORE_BIN": "bin/",
    "PATH_CORE_ANGULAR_I18N": "i18n/angular-locale_{{locale}}.js",
    "PATH_CORE_CSS": "css/",
    "PATH_CORE_CSS_THEME": "css/themes/",
    "PATH_GLOBAL_MODAL":"modal/global.html",   
    "API_APP": "sherpa-api.php",
    "ENABLE_GLOBAL_MODAL": true,
    "ENABLE_ADMIN_CONSOLE": true,
    "ENABLE_CONSOLE_MESSAGES": true,
    "ENABLE_COUNTER": true,
    "ENABLE_GRIDSET_OVERLAY": true,
    "ENABLE_NOTES": true,
    "ENABLE_PROTOTYPE_QA": false,
    "ENABLE_CONTENT_EDIT":true,
    "LOAD_JS_CORE": [
        "angular",
        "jquery", 
        "jqueryui", 
        "amplify", 
        "eve-js",
        "scrollTo",
        "underscoreString", 
        "jwerty-js", 
        "csvParser", 
        "gridset-overlay",
        "dateformatjs",
        "bootstrap-232",
        "bootstrap-datepicker",
        "showdown-js",
        "equalize-js"
    ],
    "LOAD_ANGULAR_MODULES": [
        "ngSanitize",
        "ui.router",
        "ui.slider"
    ],
    "LOAD_JS_CORE_IE":  [
        "html5printshiv", 
        "html5Formshim"
    ],
    "LOAD_JS_SHERPA":  [
        "sherpa-i18n",
        "sherpa-directives",
        "sherpa-filters",
        "sherpa-global-events",
        "sherpa-page-controller"
    ],
    "LOAD_CSS_CORE": ["bootstrap", "css_theme", "sherpa_uxmf"],
    "LOAD_CSS_GRID": ["gridset"],
    "LOAD_CSS_GRID_IE9": ["gridsetIE9"],
    "LOAD_CSS_GRID_IELT8": ["gridsetIELT8"],
    "LIB_JS": {
        "jquery" : {
           "local":"jquery.min.js",
           "cdn":"http://cdnjs.cloudflare.com/ajax/libs/jquery/2.0.3/jquery.min.js"
        },
        "angular" : {
           "local":"angular.min.js",
           "cdn":"//cdnjs.cloudflare.com/ajax/libs/angular.js/1.1.5/angular.min.js"
        },
        "knockout" : {
           "local":"knockout.min.js",
           "cdn":"http://cdnjs.cloudflare.com/ajax/libs/knockout/2.3.0/knockout-min.js"
        },
        "amplify" : {
           "local":"amplify.min.js",
           "cdn":"http://cdnjs.cloudflare.com/ajax/libs/amplifyjs/1.1.0/amplify.min.js"
        },
        "pagerjs" : {
           "local":"pager.min.js",
            "cdn":"http://open.gsdprototypes.com/sherpa/.sherpa/lib/pager.min.js"
        },
        "history" : {
           "local":"jquery.ba-hashchange.min.js",
           "cdn":"http://cdnjs.cloudflare.com/ajax/libs/jquery-hashchange/v1.3/jquery.ba-hashchange.min.js"
        },
        "jqueryui" : {
           "local":"jquery-ui.min.js",
           "cdn":"http://cdnjs.cloudflare.com/ajax/libs/jqueryui/1.10.3/jquery-ui.min.js"
        },
        "scrollTo" : {
           "local":"jquery.scrollTo.min.js",
           "cdn":"http://cdnjs.cloudflare.com/ajax/libs/jquery-scrollTo/1.4.6/jquery.scrollTo.min.js"
        },
        "underscoreString" : {
           "local":"underscore.string.min.js",
           "cdn":"http://cdnjs.cloudflare.com/ajax/libs/underscore.string/2.3.3/underscore.string.min.js"
        },
        "queryString" : {
           "local":"query-string.js",
           "cdn":"http://cdnjs.cloudflare.com/ajax/libs/jquery/2.0.3/jquery.min.js"
        },
        "bootstrap-232" : {
           "local":"bootstrap-min.js",
           "cdn":"http://cdnjs.cloudflare.com/ajax/libs/twitter-bootstrap/2.3.2/js/bootstrap.min.js"
        },
        "gridset-overlay": {
            "local": "gridset-overlay.js",
            "cdn":"http://open.gsdprototypes.com/sherpa/.sherpa/lib/gridset-overlay.js"
        },
        "sherpa_notes": {
            "local": "sherpa-notes.js",
            "cdn":"http://open.gsdprototypes.com/sherpa/.sherpa/lib/sherpa-notes.js"
        },
        "sherpa-directives": {
            "local": "sherpa-directives.js",
            "cdn":"http://open.gsdprototypes.com/sherpa/.sherpa/lib/sherpa-directives.js"
        },
        "sherpa_qa": {
            "local": "sherpa-prototype-qa.js",
            "cdn":"http://open.gsdprototypes.com/sherpa/.sherpa/lib/sherpa-prototype-qa.js"
        },
        "underscorejs": {
            "local": "underscore.js",
            "cdn":"http://cdnjs.cloudflare.com/ajax/libs/underscore.js/1.5.2/underscore-min.js"
        },
        "prototype_app": {
            "local": "app.js"
        },
        "prototype_css": {
            "local": "doc.css"
        },
        "sherpa-page-controller": {
            "local": "sherpa-page-controller.js",
            "cdn":"http://open.gsdprototypes.com/sherpa/.sherpa/lib/sherpa-page-controller.js"
        },
        "sherpautils": {
            "local": "sherpa-utils-v2.js",
            "cdn":"http://open.gsdprototypes.com/sherpa/.sherpa/lib/sherpa-utils.js"
        },
        "csvParser": {
            "local": "jquery.csv-0.71.min.js",
            "cdn":"https://jquery-csv.googlecode.com/files/jquery.csv-0.71.min.js"
        },
        "less": {
            "local": "less.min.js",
            "cdn":"http://cdnjs.cloudflare.com/ajax/libs/less.js/1.4.1/less.min.js"
        },
        "jwerty-js": {
            "local": "jwerty.js",
            "cdn":"https://raw.github.com/keithamus/jwerty/master/jwerty.js"
        },
        "showdown-js": {
            "local": "showdown.js",
            "cdn":"http://cdnjs.cloudflare.com/ajax/libs/showdown/0.3.1/showdown.min.js"
        },
        "dateformatjs": {
            "local": "date-format.js",
            "cdn":"http://stevenlevithan.com/assets/misc/date.format.js"
        },
        "html5printshiv": {
            "local": "html5shiv-printshiv.js",
            "cdn":"https://raw.github.com/aFarkas/html5shiv/master/dist/html5shiv-printshiv.js"
        },
        "html5Formshim": {
            "local": "jquery.html5form.js",
            "cdn":"http://html5form.googlecode.com/svn/trunk/jquery.html5form-min.js"
        },
        "sherpaEventManager": {
            "local": "sherpa-event-manager.js",
            "cdn":"http://open.gsdprototypes.com/sherpa/.sherpa/lib/sherpa-event-manager.js"
        },
        "sherpa-i18n": {
            "local": "sherpa-i18n.js",
            "cdn":"http://open.gsdprototypes.com/sherpa/.sherpa/lib/sherpa-i18n.js"
        },
        "sherpaPseudoAuth": {
            "local": "sherpa-pseudo-auth.js",
            "cdn":"http://open.gsdprototypes.com/sherpa/.sherpa/lib/sherpa-pseudo-auth.js"
        },
        "sherpaCustomWidgets": {
            "local": "sherpa-custom-widgets.js",
            "cdn":"http://open.gsdprototypes.com/sherpa/.sherpa/lib/sherpa-custom-widgets.js"
        },
        "sherpa-global-events": {
            "local": "sherpa-global-events.js",
            "cdn":"http://open.gsdprototypes.com/sherpa/.sherpa/lib/sherpa-global-events.js"
        },
        "prettify": {
            "local": "google-code-prettify/prettify.js",
            "cdn":"http://cdnjs.cloudflare.com/ajax/libs/prettify/r224/prettify.js"
        },
        "greensockTweenMax": {
            "local": "greensock/TweenMax.min.js",
            "cdn":"http://cdnjs.cloudflare.com/ajax/libs/gsap/latest/TweenMax.min.js"
        },
        "greensockTweenLite": {
            "local": "greensock/TweenLite.min.js",
            "cdn":"http://cdnjs.cloudflare.com/ajax/libs/gsap/latest/TweenLite.min.js"
        },
        "greensockEasePack": {
            "local": "greensock/easing/EasePack.min.js",
            "cdn":"http://cdnjs.cloudflare.com/ajax/libs/gsap/latest/easing/EasePack.min.js"
        },
        "greensockCSSPlugin": {
            "local": "greensock/plugins/CSSPlugin.min.js",
            "cdn":"http://cdnjs.cloudflare.com/ajax/libs/gsap/latest/plugins/CSSPlugin.min.js"
        },
        "ui.router": {
            "local": "angular-ui-router.min.js",
            "cdn":"//cdnjs.cloudflare.com/ajax/libs/angular-ui-router/0.2.0/angular-ui-router.min.js"
        },
        "ui.slider": {
            "local": "angular-ui-slider.js",
            "cdn":"angular-ui-slider.js"
        },
        "angular-strap": {
            "local": "angular-strap.min.js",
            "cdn":"http://cdnjs.cloudflare.com/ajax/libs/angular-strap/0.7.4/angular-strap.min.js"
        },
        "ngSanitize": {
            "local": "angular-sanitize.min.js",
            "cdn":"https://ajax.googleapis.com/ajax/libs/angularjs/1.1.5/angular-sanitize.min.js"
        },
        "angular-ui-bootstrap": {
            "local": "ui-bootstrap-tpls.min.js",
            "cdn":"http://cdnjs.cloudflare.com/ajax/libs/angular-ui-bootstrap/0.6.0/ui-bootstrap-tpls.min.js"
        },
        "sherpa-filters": {
            "local": "sherpa-filters.js",
            "cdn":"sherpa-filters.js"
        },
        "bootstrap-datepicker": {
            "local": "bootstrap-datepicker.js",
            "cdn":"bootstrap-datepicker.js"
        },
        "eve-js": {
            "local": "eve.min.js",
            "cdn":"http://evejs.com/stable/eve.min.js"
        },
        "equalize-js": {
            "local": "equalize.min.js",
            "cdn":"http://cdnjs.cloudflare.com/ajax/libs/equalize.js/1.0.1/equalize.min.js"
        }
    },
    "LIB_CSS": {
        "bootstrap": {
                "local":"bootstrap.css",
                "cdn":"http://getbootstrap.com/2.3.2/assets/css/bootstrap.css"
        },
        "css_theme": {
                "local":"dell-308-theme-v0.6.css",
                "cdn":"http://open.gsdprototypes.com/sherpa/.sherpa/css/themes/dell-308-theme-v0.6.css"
        },
        "sherpa_uxmf": {
                "local":"sherpa-uxmf.css",
                "cdn":"http://open.gsdprototypes.com/sherpa/.sherpa/css/sherpa-uxmf.css"
        },
        "gridset": {
                "local":"grid/gridset.css",
                "cdn":"http://open.gsdprototypes.com/sherpa/.sherpa/css/grid/gridset.css"
        },
        "gridsetIE9": {
                "local":"grid/gridset-ie-9.cssgridset.css",
                "cdn":"http://open.gsdprototypes.com/sherpa/.sherpa/css/grid/gridset-ie-9.cssgridset.css"
        },
        "gridsetIELT8": {
                "local":"grid/gridset-ie-lte8.css",
                "cdn":"http://open.gsdprototypes.com/sherpa/.sherpa/css/grid/gridset-ie-lte8.css"
        },
        "prettify": {
            "local": "google-code-prettify/prettify.css",
            "cdn":"http://cdnjs.cloudflare.com/ajax/libs/prettify/r224/prettify.css"
        }
    }
}
